Prospect ID,Lead Number,Lead Origin,Lead Source,Do Not Email,Do Not Call,Converted,TotalVisits,Total Time Spent on Website,Page Views Per Visit,Last Activity,Country,Specialization,How did you hear about X Education,What is your current occupation,What matters most to you in choosing a course,Search,Magazine,Newspaper Article,X Education Forums,Newspaper,Digital Advertisement,Through Recommendations,Receive More Updates About Our Courses,Tags,Lead Quality,Update me on Supply Chain Content,Get updates on DM Content,Lead Profile,City,Asymmetrique Activity Index,Asymmetrique Profile Index,Asymmetrique Activity Score,Asymmetrique Profile Score,I agree to pay the amount through cheque,A free copy of Mastering The Interview,Last Notable Activity
8b94b8c4-7107-4c12-8a66-531d0ed974c4,615582,Landing Page Submission,Google,No,No,1,8.0,252,2.67,Email Opened,India,Finance Management,Select,Unemployed,Better Career Prospects,No,No,No,No,No,No,No,No,Closed by Horizzon,,No,No,Select,Mumbai,,,,,No,Yes,Email Opened
a4c0a4e4-c5d8-4e48-8a4f-030611dde534,588939,Landing Page Submission,Direct Traffic,Yes,No,0,2.0,929,2.0,Email Bounced,India,Marketing Management,,,,No,No,No,No,No,No,No,No,,,No,No,,Other Cities,02.Medium,02.Medium,14.0,16.0,No,Yes,Modified
889c23c8-84d0-4936-97ad-7b438dc2e2d7,621242,Landing Page Submission,Direct Traffic,Yes,No,0,1.0,2,1.0,Email Bounced,India,,,Student,,No,No,No,No,No,No,No,No,,,No,No,,Other Cities,,,,,No,No,Modified
85dfdbea-fb6c-4428-a59c-59155bedea4a,589803,Landing Page Submission,Direct Traffic,No,No,0,2.0,323,2.0,Email Opened,India,Select,Select,Working Professional,Better Career Prospects,No,No,No,No,No,No,No,No,Ringing,Not Sure,No,No,Select,Mumbai,02.Medium,01.High,14.0,18.0,No,No,Email Opened
cbc292d8-752f-47ea-92c6-07d4247638d5,651441,Landing Page Submission,Google,No,No,0,3.0,201,3.0,Email Opened,India,Marketing Management,Online Search,,,No,No,No,No,No,No,No,No,,,No,No,,Mumbai,02.Medium,01.High,13.0,18.0,No,No,Email Opened
4bae149e-3b30-4262-8f78-50685d52125b,650484,API,Google,No,No,0,3.0,388,1.5,Olark Chat Conversation,India,Select,Select,Unemployed,Better Career Prospects,No,No,No,No,No,No,No,No,,,No,No,Select,Select,01.High,02.Medium,17.0,15.0,No,No,Olark Chat Conversation
352e5985-f3f2-4188-943c-332ca95e8d09,657038,API,Referral Sites,No,No,1,5.0,1536,5.0,Email Opened,India,Human Resource Management,Select,Working Professional,Better Career Prospects,No,No,No,No,No,No,No,No,Will revert after reading the email,Low in Relevance,No,No,Potential Lead,Thane & Outskirts,02.Medium,02.Medium,14.0,15.0,No,No,Email Opened
ce68ad09-cc22-4a59-bf1f-dafdb572d1af,649329,Landing Page Submission,Direct Traffic,No,No,0,7.0,219,2.33,Email Link Clicked,United Arab Emirates,Human Resource Management,Select,Unemployed,Better Career Prospects,No,No,No,No,No,No,No,No,Busy,Not Sure,No,No,Select,Other Cities,02.Medium,02.Medium,14.0,16.0,No,Yes,Email Link Clicked
18a900d2-86e2-4e4a-b475-70ee71a2867e,587559,Landing Page Submission,Direct Traffic,No,No,0,2.0,24,2.0,SMS Sent,India,Finance Management,Select,Unemployed,Better Career Prospects,No,No,No,No,No,No,No,No,switched off,,No,No,Select,Mumbai,02.Medium,01.High,14.0,18.0,No,Yes,SMS Sent
44efc6d4-fdfd-4638-bf55-38da6818f911,643897,Lead Add Form,Reference,No,No,1,0.0,0,0.0,SMS Sent,,Human Resource Management,Select,Working Professional,Better Career Prospects,No,No,No,No,No,No,No,No,Will revert after reading the email,Might be,No,No,Potential Lead,Select,02.Medium,01.High,15.0,19.0,No,No,Modified
56f4e873-bab8-4cb0-9c31-d5648f2ea470,588006,Lead Add Form,Reference,No,No,1,1.0,1486,1.0,Page Visited on Website,,Retail Management,Select,Unemployed,Better Career Prospects,No,No,No,No,No,No,No,No,Will revert after reading the email,Might be,No,No,Potential Lead,Select,02.Medium,01.High,14.0,19.0,No,No,Page Visited on Website
f1c84d1a-bdca-43ad-b577-8371041d8ca5,590832,Landing Page Submission,Direct Traffic,No,No,1,2.0,181,2.0,SMS Sent,India,International Business,Select,Unemployed,Better Career Prospects,No,No,No,No,No,No,No,No,Will revert after reading the email,Not Sure,No,No,Potential Lead,Thane & Outskirts,02.Medium,01.High,13.0,19.0,No,Yes,SMS Sent
7d69a4b8-aea0-41dc-9ef8-62b8b9d4b9cd,611150,API,Olark Chat,No,No,1,0.0,0,0.0,SMS Sent,,Select,Select,Unemployed,Better Career Prospects,No,No,No,No,No,No,No,No,Will revert after reading the email,Might be,No,No,Select,Select,,,,,No,No,SMS Sent
b6db1e85-4354-4d3b-b3a7-c0f0d1b9d45a,583035,Landing Page Submission,Google,No,No,0,7.0,397,7.0,Email Link Clicked,India,Travel and Tourism,Select,Unemployed,Better Career Prospects,No,No,No,No,No,No,No,No,Already a student,,No,No,Potential Lead,Mumbai,01.High,01.High,17.0,18.0,No,Yes,Email Link Clicked
884b7c34-d951-497f-b9e6-de959d08d000,632641,Landing Page Submission,Direct Traffic,No,No,0,15.0,69,3.0,Form Submitted on Website,India,Human Resource Management,Online Search,Unemployed,Better Career Prospects,No,No,No,No,No,No,No,No,Interested  in full time MBA,Worst,No,No,Potential Lead,Thane & Outskirts,02.Medium,01.High,14.0,19.0,No,No,Modified
f82ba06c-77de-469f-aa14-daf916e138a5,641626,Landing Page Submission,Direct Traffic,No,No,1,2.0,1328,2.0,SMS Sent,India,Supply Chain Management,Select,Unemployed,Better Career Prospects,No,No,No,No,No,No,No,No,Will revert after reading the email,Might be,No,No,Select,Other Cities,02.Medium,02.Medium,15.0,16.0,No,Yes,SMS Sent
9d35a2c2-09d8-439f-9875-0e8bbf267f5a,602557,Landing Page Submission,Google,No,No,1,6.0,1069,6.0,Email Opened,India,Marketing Management,Select,Working Professional,Better Career Prospects,No,No,No,No,No,No,No,No,Will revert after reading the email,Low in Relevance,No,No,Select,Mumbai,,,,,No,Yes,Email Opened
35c3b5d1-c22f-49d1-8787-54a80ab88e21,655091,API,Organic Search,No,No,0,3.0,241,3.0,Converted to Lead,India,,,,,No,No,No,No,No,No,No,No,Interested in other courses,,No,No,,,02.Medium,02.Medium,14.0,15.0,No,No,Modified
3f04fd93-2884-45f6-a4fc-f3b6f234554b,660153,API,Olark Chat,No,No,0,0.0,0,0.0,Olark Chat Conversation,,,,,,No,No,No,No,No,No,No,No,,,No,No,,,01.High,02.Medium,17.0,15.0,No,No,Modified
599cc8e9-5d78-401e-b40f-adacbdacd51a,654026,API,Google,No,No,0,3.0,52,3.0,Email Opened,India,Select,Select,Unemployed,Better Career Prospects,No,No,No,No,No,No,No,No,Interested in other courses,Might be,No,No,Potential Lead,Thane & Outskirts,02.Medium,02.Medium,14.0,16.0,No,No,Modified
